{"anthropic.claude-3-5-sonnet-20240620-v1:0": {"input": 0.000003, "output": 0.000015},"anthropic.claude-3-sonnet-20240229-v1:0": {"input": 0.000003, "output": 0.000015},"anthropic.claude-3-haiku-20240307-v1:0": {"input": 0.00000025, "output": 0.00000125},"anthropic.claude-instant-v1": {"input": 8e-07, "output": 2.4e-06}, "anthropic.claude-v2": {"input": 8e-06, "output": 2.4e-05},"anthropic.claude-v2:1": {"input": 8e-06, "output": 2.4e-05}}